Manufacturer,Name,Speed,Glide,Turn,Fade,Diameter,Height,RimDepth,RimWidth
Above-Ground-Level,Beech,11.5,5.0,-3.0,2.0,21.9,1.8,1.3,1.6
Above-Ground-Level,Cedar,11.0,4.9,0.0,3.1,21.5,1.7,1.1,2.2
Above-Ground-Level,Cypress,12.0,4.8,-1.5,2.2,21.2,1.5,1.1,2.2
Above-Ground-Level,Locust,9.0,4.0,-1.0,3.0,21.2,1.6,1.1,2.0
Above-Ground-Level,Sycamore,7.0,4.9,0.0,1.0,21.2,2.2,1.3,1.7
Above-Ground-Level,Magnolia,5.0,4.1,0.0,1.9,21.8,2.0,1.2,1.4
Above-Ground-Level,Baobab,4.0,1.0,1.0,3.0,21.3,1.7,1.3,1.1
Above-Ground-Level,Madrone,3.0,3.0,0.0,1.1,21.0,2.2,1.7,1.0
Above-Ground-Level,Manzanita,2.9,2.8,0.0,1.9,21.0,1.1,1.6,1.1
Above-Ground-Level,Ponderosa,2.0,4.0,-1.1,0.0,21.1,2.1,1.5,1.0
Alfa-Discs,Apollo,5.0,5.0,0.4,1.0,21.8,1.8,1.3,1.3
AquaFlight,Osprey,12.0,4.0,-1.0,2.0,21.0,1.6,1.2,2.3
AquaFlight,Pelican,6.0,5.0,-3.0,1.0,21.1,2.0,1.2,1.7
AquaFlight,Swift,8.4,5.0,-2.6,1.1,21.0,1.6,1.1,1.9
AquaFlight,Dragonfly,5.0,4.0,-3.0,1.0,21.0,1.6,1.1,1.4
AquaFlight,Peace Frog,3.0,3.0,0.0,1.0,21.0,2.2,1.6,1.0
Axiom,Defy,11.2,4.2,-0.2,3.0,21.1,1.5,1.1,2.2
Axiom,Delirium,14.4,4.9,-0.5,3.0,21.1,1.8,1.2,2.5
Axiom,Excite,14.0,5.3,-2.2,2.0,21.1,2.1,1.2,2.5
Axiom,Fireball,9.7,3.0,-0.1,3.7,21.0,1.4,1.1,2.0
Axiom,Mayhem,13.0,5.0,-1.6,2.0,21.1,1.9,1.2,2.4
Axiom,Panic,13.0,4.2,-0.4,3.1,21.1,1.7,1.2,2.3
Axiom,Tantrum,14.0,5.0,-1.5,2.6,21.1,1.9,1.2,2.5
Axiom,Tenacity,13.0,5.0,-2.5,2.0,21.1,1.9,1.2,2.4
Axiom,Thrill,11.0,3.9,0.0,3.1,21.1,1.5,1.1,2.2
Axiom,Vanish,11.5,5.0,-2.7,1.9,21.1,1.5,1.1,2.2
Axiom,Virus,9.6,5.0,-3.4,1.0,21.1,1.4,1.2,2.0
Axiom,Clash,7.0,4.5,-0.9,2.5,21.1,1.4,1.1,1.8
Axiom,Crave,6.6,5.0,-0.9,1.2,21.1,1.4,1.2,1.8
Axiom,Insanity,9.8,4.9,-2.0,1.4,21.1,1.4,1.2,2.0
Axiom,Inspire,6.5,4.5,-1.8,1.6,21.1,1.5,1.2,1.8
Axiom,Rhythm,1.0,1.0,0.0,0.0,21.2,1.5,1.2,1.8
Axiom,Wrath,10.1,4.3,-0.9,2.1,21.0,1.4,1.2,2.0
Axiom,Alias,4.2,4.2,-0.9,1.0,21.5,1.9,1.2,1.2
Axiom,Hex,5.0,5.0,-0.8,1.0,21.4,1.6,1.3,1.4
Axiom,Paradox,5.0,4.0,-3.7,0.0,21.5,1.8,1.3,1.3
Axiom,Pyro,5.1,3.8,0.0,2.7,21.5,1.6,1.3,1.6
Axiom,Theory,4.6,4.6,-1.8,0.7,21.5,1.9,1.3,1.2
Axiom,Envy,2.8,3.1,-0.1,1.9,21.0,1.8,1.4,1.1
Axiom,Proxy,3.0,3.2,-0.8,0.6,21.0,1.8,1.5,1.1
Cheengz,I One,4.9,5.0,0.0,0.0,22.1,2.0,1.4,0.9
Cheengz,Zingback,2.0,3.0,-0.2,0.0,22.3,2.8,1.7,0.7
DGA,Hurricane,12.0,4.8,-0.9,2.3,21.2,1.6,1.2,2.3
DGA,Hypercane,12.9,4.0,0.0,4.0,21.2,1.6,1.2,2.2
DGA,Riptide,9.0,4.0,0.0,3.0,21.4,1.7,1.2,2.0
DGA,Rogue,11.0,4.0,-1.0,2.0,21.1,1.7,1.2,2.2
DGA,Sail,10.4,6.2,-3.4,1.0,21.0,1.9,1.1,1.9
DGA,Tempest,12.9,5.1,-3.0,2.0,21.1,1.7,1.1,2.3
DGA,Torrent,13.9,5.0,-1.0,2.1,21.0,1.5,1.2,2.4
DGA,Tsunami,9.9,3.1,0.0,3.8,21.2,1.8,1.2,1.9
DGA,Undertow,10.0,4.1,-1.0,1.1,21.2,1.5,1.2,1.8
DGA,Banzai,8.1,4.1,0.0,2.9,21.4,1.7,1.2,1.9
DGA,Flathead Cyclone,7.0,4.0,-1.0,3.0,21.3,1.8,1.2,1.6
DGA,Hellfire,10.1,3.1,0.0,4.8,21.1,1.6,1.2,2.2
DGA,Pipeline,8.1,5.0,-0.4,1.9,21.4,1.5,1.1,1.8
DGA,Aftershock,4.0,3.1,-0.2,2.0,21.5,2.0,1.2,1.3
DGA,Quake,5.0,3.2,0.0,3.1,21.6,1.7,1.2,1.5
DGA,Rift,5.0,4.2,-0.9,1.5,21.6,1.8,1.3,1.5
DGA,Shockwave,4.0,2.0,0.0,3.0,21.5,2.2,1.3,1.3
DGA,Squall,5.9,4.1,-1.0,1.0,21.5,1.8,1.3,1.3
DGA,Tremor,6.0,5.0,-3.9,1.0,21.6,1.7,5.1,1.1
DGA,Blowfly I,2.0,2.1,-0.9,1.8,21.5,2.7,1.1,1.5
DGA,Blowfly II,3.0,2.0,-1.0,1.0,21.7,2.3,1.7,1.4
DGA,Blunt Gumbputt,2.0,2.1,0.0,1.9,21.7,2.2,1.9,0.7
DGA,Breaker,3.8,3.0,0.0,2.9,21.0,1.7,1.2,1.0
DGA,PowerDrive Gumbputt,2.0,2.1,-2.0,1.1,21.7,2.2,1.9,0.7
DGA,Reef,2.0,2.1,-1.1,1.0,21.2,2.1,1.4,0.9
DGA,Steady,2.1,3.1,0.0,1.0,21.2,2.0,1.4,1.0
DGA,Steady BL,2.0,4.0,0.0,1.9,21.2,2.4,1.5,1.0
DGA,Titanic,2.0,2.0,0.0,2.0,21.1,2.2,1.5,1.0
Daredevil,Albatross,14.0,5.3,-1.4,3.6,21.2,1.6,1.1,2.3
Daredevil,Big Foot,13.0,4.9,-1.9,2.1,21.1,1.6,1.1,2.5
Daredevil,Buffalo,9.0,4.0,-1.0,5.0,21.2,1.6,1.2,2.0
Daredevil,Gray Jay,14.0,4.0,-0.1,4.9,21.0,1.4,1.1,2.3
Daredevil,Mammoth,9.0,4.0,-1.1,4.6,21.1,1.7,1.2,2.0
Daredevil,Merlin,13.8,4.0,-1.0,4.8,21.0,1.7,1.1,2.3
Daredevil,Ogopogo,9.0,4.0,-2.0,4.7,21.1,1.5,1.5,2.0
Daredevil,Sasquatch,12.0,5.0,-5.0,1.0,21.0,1.7,1.1,2.5
Daredevil,Yeti,13.0,5.1,-2.8,1.1,21.1,1.6,1.1,2.5
Daredevil,Sabertooth,9.0,3.9,-0.2,4.9,21.0,1.8,1.2,2.0
Daredevil,Swift Fox,7.2,5.0,-3.0,1.0,21.1,1.7,1.2,1.8
Daredevil,Timberwolf,8.1,5.1,-1.0,1.0,21.1,1.6,1.2,1.8
Daredevil,Wolverine,8.1,4.9,-2.0,2.0,21.2,1.8,1.2,1.8
Daredevil,Caribou,4.0,5.0,-2.8,1.0,21.8,2.1,1.3,1.3
Daredevil,Grizzly,4.1,4.0,-1.0,2.0,21.9,2.0,1.3,1.3
Daredevil,Moose,4.0,5.0,0.0,2.0,21.8,2.1,1.3,1.3
Daredevil,Pteranodon,4.0,6.0,-2.0,1.0,21.6,2.3,1.2,1.4
Daredevil,Walrus,4.0,5.0,0.0,3.0,21.8,1.9,1.2,1.3
Daredevil,Beaver,2.0,3.0,0.0,1.0,21.2,2.2,1.6,0.9
Daredevil,Bighorn,2.1,3.0,0.0,1.0,21.2,2.2,1.6,1.6
Daredevil,Great Horned Owl,2.0,3.0,0.0,1.0,21.2,2.2,1.4,1.0
Daredevil,Polar Bear,2.1,3.1,-0.8,1.0,21.2,2.0,1.5,1.0
Daredevil,Woodchuck,2.0,3.0,-1.0,0.2,21.3,1.7,1.3,1.7
Dino-Discs,Allosaurus,12.0,6.0,-2.0,1.0,21.2,1.9,1.1,2.2
Dino-Discs,Pterodactylus,10.0,5.0,-3.3,1.1,21.1,2.0,1.1,1.9
Dino-Discs,Tyrannosaurus Rex,14.0,5.0,-3.0,2.0,21.1,1.6,1.1,2.5
Dino-Discs,Spinosaurus,9.0,6.0,-2.0,1.0,21.2,1.4,1.1,2.0
Dino-Discs,Brachiosaurus,6.0,5.0,-4.5,1.0,21.9,2.0,1.4,1.3
Dino-Discs,Brontosaurus,5.0,5.0,-1.0,0.5,22.1,1.7,1.3,1.3
Dino-Discs,Diplodocus,5.0,5.0,-2.0,0.0,21.8,1.9,1.1,1.5
Dino-Discs,Stegosaurus,4.0,5.0,-3.8,1.9,21.8,2.0,1.4,1.2
Dino-Discs,Ankylosaurus,2.0,3.0,-1.0,0.0,21.0,2.1,1.5,1.0
Dino-Discs,Triceratops,3.0,3.0,-3.0,1.0,21.0,2.2,1.0,1.0
Disc-Golf-UK,The Count,7.0,4.0,-1.0,2.8,21.5,1.7,1.1,1.7
Disc-Golf-UK,The Baron,4.0,3.0,0.0,2.5,21.2,2.0,1.1,1.6
Disc-Golf-UK,The Duchess,5.0,4.0,-2.0,2.0,21.3,1.7,1.1,1.8
Disc-Golf-UK,The Duke,6.0,4.0,0.0,3.5,21.5,1.9,1.4,1.7
Discmania,Astronaut,12.0,6.0,-3.8,1.0,21.2,1.8,1.1,2.3
Discmania,CD,10.0,4.8,-0.9,2.0,21.2,1.3,1.1,1.9
Discmania,CD3,10.9,5.0,-1.0,2.1,21.1,2.0,1.2,2.1
Discmania,DD,11.1,4.8,0.0,2.1,21.1,1.6,1.2,2.2
Discmania,DD2,12.9,4.9,-2.0,2.0,21.2,1.5,1.1,2.5
Discmania,DD3,12.0,5.0,-1.0,3.0,21.0,1.8,1.2,2.4
Discmania,DDx,12.0,5.8,-1.1,2.0,21.1,1.7,1.1,2.3
Discmania,Enigma,12.1,5.1,-1.1,2.1,21.1,1.7,1.1,2.3
Discmania,Majesty,13.0,5.0,-1.8,2.2,21.0,1.7,1.2,2.4
Discmania,Mentor,11.0,5.0,-1.7,2.0,21.0,1.7,1.1,2.1
Discmania,PD,9.9,4.1,0.0,3.0,21.1,1.7,1.2,1.9
Discmania,PD2,12.0,4.1,0.0,4.0,21.1,1.9,1.2,2.4
Discmania,PD3,11.0,3.0,-0.1,5.0,21.2,1.6,1.2,2.3
Discmania,PDx,10.9,4.0,-0.1,3.0,21.1,1.9,1.2,2.1
Discmania,TD,10.0,5.8,-1.8,1.1,21.2,1.6,1.1,1.9
Discmania,TD2 Fever,9.9,5.1,-3.7,1.1,21.1,1.6,1.1,2.1
Discmania,TDx,9.0,5.0,-2.8,1.1,21.1,1.5,1.2,2.0
Discmania,CD2,9.1,5.0,-1.0,2.0,21.1,1.9,1.1,1.9
Discmania,Essence,8.0,6.0,-2.0,1.1,21.0,1.8,1.2,1.8
Discmania,FD,7.0,5.9,-1.0,1.1,21.2,1.8,1.1,1.8
Discmania,FD2,7.0,4.1,0.0,2.1,21.2,1.6,1.1,1.8
Discmania,FD3,9.0,4.1,0.0,3.0,21.2,1.7,1.1,2.0
Discmania,Genius,7.2,4.9,-3.9,1.0,21.3,1.8,1.2,1.9
Discmania,Instinct,7.1,5.2,-0.2,2.0,21.2,1.8,1.1,1.7
Discmania,Magician,6.1,4.0,0.0,2.0,21.0,1.5,1.1,1.6
Discmania,Rockstar,8.1,5.0,-1.5,1.4,21.3,1.7,1.2,1.9
Discmania,Splice,1.0,1.0,0.0,0.0,21.2,1.5,1.1,1.9
Discmania,Tilt,9.0,1.0,0.9,6.0,21.1,1.6,1.2,2.0
Discmania,Gremlin GM,5.1,4.0,0.0,2.0,21.2,1.8,1.2,1.4
Discmania,Logic,3.0,3.0,0.0,1.0,21.2,1.9,1.3,1.1
Discmania,Maestro,4.0,2.9,-0.1,1.9,21.3,1.7,1.3,1.0
Discmania,MD,4.0,5.1,-0.1,0.1,21.8,2.1,1.4,1.4
Discmania,MD1,4.0,4.0,0.0,2.0,21.7,2.2,1.3,1.3
Discmania,MD2,4.0,5.0,-0.2,1.9,21.7,2.0,1.4,1.4
Discmania,MD3,5.0,5.0,-0.1,2.4,21.8,1.9,1.3,1.4
Discmania,MD4,5.0,4.1,-0.1,2.9,21.7,1.6,1.4,1.4
Discmania,MD5,5.0,3.1,0.0,4.0,21.0,1.9,1.3,1.4
Discmania,Method,5.0,5.0,-0.1,2.8,21.9,2.1,1.3,1.3
Discmania,Mutant,5.0,3.0,0.0,4.0,21.7,1.8,1.2,1.3
Discmania,Origin,5.0,5.2,-1.4,0.9,21.4,1.6,1.2,1.3
Discmania,Link,2.0,3.0,0.0,1.0,21.2,2.0,1.5,1.1
Discmania,P1,2.1,3.1,-0.1,0.1,21.2,2.0,1.5,0.9
Discmania,P1X,2.1,3.0,-0.1,0.5,21.2,2.0,1.4,1.0
Discmania,P2,2.0,3.1,0.0,1.2,21.2,2.1,1.5,1.0
Discmania,P3,3.0,4.3,0.0,2.7,21.2,2.0,1.2,1.0
Discmania,P3x,3.0,2.2,0.0,2.6,21.2,1.9,1.6,1.1
Discmania,Razor Claw Tactic,4.0,2.0,0.0,4.0,21.3,2.0,1.4,1.1
Discmania,Sensei,2.9,3.0,0.0,1.0,21.1,1.8,1.5,0.9
Discmania,Shogun,2.0,4.0,0.1,1.9,21.2,2.4,1.5,1.0
Discmania,Tactic,4.0,2.1,0.0,2.9,21.4,1.8,1.4,1.1
Discraft,Avenger,9.9,4.8,0.0,2.9,21.2,1.7,1.2,1.9
Discraft,Avenger SS,9.8,4.9,-2.9,1.0,21.4,1.8,1.2,1.9
Discraft,Crank,12.4,5.0,-1.4,2.0,21.2,1.5,1.1,2.3
Discraft,Crank SS,12.6,4.7,-2.8,1.8,21.1,1.5,1.1,2.4
Discraft,Crush,11.1,5.0,-0.1,3.9,21.1,1.7,1.2,2.1
Discraft,Flash,10.0,5.0,-1.9,2.9,21.1,1.6,1.2,2.1
Discraft,Flick,10.1,3.4,0.9,4.4,21.1,1.3,1.1,2.1
Discraft,Force,12.0,4.9,0.0,3.1,21.1,1.7,1.2,2.3
Discraft,Hades,11.9,6.0,-3.0,1.9,21.0,1.6,1.1,2.3
Discraft,Machete,10.6,3.7,0.2,3.9,21.1,1.6,1.1,2.1
Discraft,Nuke,13.0,4.9,-1.0,3.0,21.2,1.6,1.2,2.5
Discraft,Nuke OS,13.0,4.0,0.0,4.1,21.2,1.6,1.2,2.5
Discraft,Nuke SS,13.0,5.0,-3.0,2.9,21.2,1.5,1.1,2.5
Discraft,Pulse,10.9,3.9,0.0,3.0,21.2,1.7,1.3,2.1
Discraft,Punisher,11.9,4.9,-0.3,2.9,21.1,1.5,1.1,2.2
Discraft,Scorch,11.0,6.0,-2.0,2.0,21.1,1.8,1.1,2.2
Discraft,Spectra,11.8,4.9,-2.0,2.0,21.4,1.9,1.2,2.2
Discraft,Surge,11.0,5.0,-1.0,2.9,21.1,1.6,1.2,2.2
Discraft,Surge SS,11.0,4.9,-1.1,2.0,21.1,1.6,1.2,2.1
Discraft,Thrasher,11.9,5.0,-2.8,1.9,21.1,1.7,1.1,2.1
Discraft,Venom,12.0,4.1,-0.1,3.9,21.0,1.6,1.2,2.2
Discraft,Wildcat,11.0,5.0,-2.0,3.0,21.3,1.5,1.2,1.9
Discraft,Zeus,12.0,5.0,-1.0,3.0,21.1,1.6,1.2,2.3
Discraft,Anax,10.0,5.8,-0.1,2.8,21.4,1.7,1.2,1.9
Discraft,Cyclone,7.0,4.2,-1.0,2.8,21.3,1.8,1.2,1.6
Discraft,Eclipse,6.8,5.0,-2.0,1.9,22.0,1.6,1.2,1.4
Discraft,Heat,9.0,5.7,-2.9,1.0,21.1,2.1,1.2,1.9
Discraft,Mantis,8.0,4.5,-1.5,1.9,21.2,1.9,1.1,1.9
Discraft,Passion,8.0,5.0,-1.0,1.0,21.6,1.6,1.2,1.7
Discraft,Predator,9.0,4.0,-0.1,4.0,21.2,1.9,1.1,1.9
Discraft,Raptor,9.0,4.0,-0.1,3.0,21.3,1.9,1.1,1.9
Discraft,Reaper,8.0,3.2,-0.1,3.7,21.4,1.5,1.2,1.8
Discraft,Stalker,7.2,4.9,-1.0,1.7,21.6,1.6,1.2,1.6
Discraft,Sting,6.8,4.9,-2.2,0.9,21.4,1.8,1.2,1.6
Discraft,Talon,8.0,3.0,0.9,3.0,21.0,1.5,1.1,1.8
Discraft,Tracker,7.9,4.4,-0.5,3.3,21.2,1.7,1.2,1.3
Discraft,Undertaker,8.9,5.0,-1.0,2.1,21.1,1.9,1.2,2.0
Discraft,Vulture,9.7,4.8,-0.1,2.0,21.4,1.6,1.2,1.8
Discraft,XL,7.9,5.0,-1.0,1.9,21.1,2.1,1.2,1.7
Discraft,Xpress,7.9,4.9,-3.0,1.0,21.1,1.8,1.2,1.7
Discraft,XS,8.0,4.9,-2.0,3.0,21.1,1.8,1.2,1.8
Discraft,Xtreme,6.0,3.0,1.0,4.0,21.0,1.9,1.2,1.7
Discraft,Zombee,6.0,5.0,-1.1,1.0,21.6,2.1,1.2,1.6
Discraft,Archer,5.7,4.8,-3.3,1.0,21.4,1.8,1.2,1.2
Discraft,Buzzz,5.0,4.3,-0.7,1.0,21.7,1.9,1.3,1.2
Discraft,Buzzz GT,5.0,4.9,0.0,1.3,21.7,1.9,1.3,1.2
Discraft,Buzzz OS,5.0,3.9,0.0,3.0,21.7,1.7,1.2,1.3
Discraft,Buzzz SS,5.0,4.1,-1.9,1.0,21.6,2.1,1.3,1.3
Discraft,Comet,4.0,5.2,-1.8,0.9,21.8,2.1,1.3,1.2
Discraft,Drone,5.0,3.4,0.5,3.9,21.5,2.0,1.3,1.5
Discraft,Glide,5.9,5.0,-3.0,1.9,21.5,2.0,1.3,1.5
Discraft,Hawk,4.0,5.0,-1.8,1.9,21.5,1.8,1.2,1.2
Discraft,Hornet,5.0,4.9,0.0,3.8,21.5,1.9,1.3,1.3
Discraft,Impact,5.1,5.0,-1.9,1.9,21.6,2.0,1.3,1.3
Discraft,Malta,5.0,4.0,0.5,2.9,21.3,1.7,1.3,1.3
Discraft,Meteor,4.4,5.0,-2.8,1.0,21.5,2.0,1.3,1.3
Discraft,Nebula,5.0,4.0,-0.5,2.0,21.3,2.0,1.3,1.3
Discraft,Sol,4.1,4.8,-2.9,0.3,20.0,2.3,1.9,1.8
Discraft,Stratus,5.0,4.9,-3.0,1.0,21.4,1.8,1.2,1.2
Discraft,Wasp,5.0,4.0,0.0,2.4,21.6,1.8,1.3,1.2
Discraft,APX,2.0,3.0,-1.0,0.9,21.0,2.3,1.4,0.9
Discraft,Banger GT,2.0,3.0,0.0,1.0,21.2,2.0,1.6,1.0
Discraft,Challenger,2.0,3.0,0.0,1.9,21.0,2.2,1.6,1.0
Discraft,Challenger OS,2.9,4.8,0.0,2.6,21.1,2.0,1.5,1.0
Discraft,Challenger SS,2.0,3.9,-0.8,1.6,21.0,2.2,1.6,1.0
Discraft,Fierce,3.0,4.0,-1.9,0.0,21.0,2.3,1.4,1.0
Discraft,Focus,2.0,3.0,-1.0,1.7,21.1,2.1,1.6,1.0
Discraft,Luna,3.0,3.0,-0.1,2.3,21.1,2.0,1.4,1.1
Discraft,Magnet,2.0,3.0,-1.0,1.8,21.2,2.0,0.8,0.8
Discraft,Putt'r,2.0,3.1,-2.0,0.9,21.0,2.4,1.6,0.9
Discraft,Rattler,2.0,3.1,-1.0,1.0,21.2,2.2,1.6,0.6
Discraft,Ringer,3.0,3.8,0.0,2.0,21.0,1.8,1.2,0.9
Discraft,Ringer GT,3.0,2.9,0.0,2.8,21.1,1.7,1.1,1.0
Discraft,Roach,2.1,4.0,-0.3,1.0,21.1,2.0,1.5,1.1
Discraft,Soft Magnet,2.0,3.1,-1.0,1.8,21.2,2.0,1.4,0.8
Discraft,Zeppelin,2.5,6.0,-1.0,0.0,22.1,2.1,1.6,1.0
Discraft,Zone,3.9,3.0,0.0,3.0,21.1,2.0,1.3,1.2
Disctroyer,Starling,12.9,5.0,-2.0,2.0,21.0,1.7,1.2,2.4
Disctroyer,Stork,8.0,5.0,0.0,1.1,21.3,1.7,1.2,1.9
Disctroyer,Skylark,5.0,4.0,0.0,2.0,21.7,1.9,1.5,1.4
Disctroyer,Sparrow,3.0,3.0,0.0,2.0,21.3,1.9,1.6,1.1
Divergent-Discs,Basilisk,12.0,5.9,-5.1,0.9,21.1,2.0,1.2,2.3
Divergent-Discs,Kraken,6.1,5.0,-2.0,1.0,21.0,1.7,1.1,1.6
Divergent-Discs,Kapre,5.0,5.1,-1.4,1.1,21.7,1.9,1.4,1.4
Divergent-Discs,Leviathan,5.0,4.0,-3.9,0.1,21.3,1.9,1.1,1.4
Divergent-Discs,Alpas,3.7,3.9,-3.5,1.0,21.0,1.9,1.2,1.2
Divergent-Discs,Narwhal,3.0,3.1,-1.8,0.5,21.0,2.3,1.2,1.2
Divergent-Discs,Nuno,3.0,3.9,-0.8,1.1,21.2,2.0,1.4,1.1
Dynamic-Discs,Captain,12.7,4.9,-2.0,2.0,21.1,1.6,1.1,2.3
Dynamic-Discs,Criminal,10.0,3.1,0.9,4.1,21.2,1.5,1.5,2.1
Dynamic-Discs,Defender,13.0,4.9,0.0,3.1,21.0,1.6,1.1,2.3
Dynamic-Discs,Enforcer,12.0,4.1,0.3,3.9,21.1,1.8,1.1,2.2
Dynamic-Discs,Freedom,13.8,5.0,-2.8,2.7,21.2,1.6,1.1,2.4
Dynamic-Discs,Raider,12.9,5.0,-0.6,2.9,21.2,1.5,1.1,2.3
Dynamic-Discs,Renegade,10.9,5.0,-2.1,2.6,21.1,1.7,1.1,2.1
Dynamic-Discs,Sergeant,11.0,4.0,0.0,2.6,21.1,1.7,2.1,2.1
Dynamic-Discs,Sheriff,12.9,5.1,-1.0,2.0,21.2,1.6,1.1,2.2
Dynamic-Discs,Trespass,11.9,5.0,-1.1,2.8,21.1,1.9,1.1,2.1
Dynamic-Discs,Breakout,8.0,5.1,-1.2,1.5,21.0,1.6,1.1,1.9
Dynamic-Discs,Convict,9.0,4.0,-0.7,2.8,21.2,1.4,1.1,2.0
Dynamic-Discs,Escape,9.0,5.2,-0.9,1.9,21.1,2.0,1.0,2.0
Dynamic-Discs,Evader,7.0,4.1,0.0,2.5,21.2,1.9,1.1,1.8
Dynamic-Discs,Felon,9.0,3.6,0.2,3.9,21.2,1.8,1.1,2.0
Dynamic-Discs,Getaway,9.0,5.1,-0.5,2.8,21.1,1.8,1.1,2.0
Dynamic-Discs,Maverick,7.0,4.3,-1.6,1.8,21.2,1.8,1.1,1.7
Dynamic-Discs,Thief,8.0,5.0,-1.4,1.7,21.2,1.8,1.1,1.9
Dynamic-Discs,Vandal,9.0,5.0,-1.4,2.0,21.2,1.7,1.1,1.9
Dynamic-Discs,Witness,8.0,6.0,-3.0,1.0,21.1,1.8,1.1,1.9
Dynamic-Discs,Bounty,4.0,5.1,-1.5,0.5,21.9,1.8,1.2,1.2
Dynamic-Discs,EMac Truth,5.0,5.0,-0.2,1.9,21.7,1.8,1.2,1.5
Dynamic-Discs,Evidence,5.0,5.1,-1.0,0.3,21.7,1.8,1.2,1.4
Dynamic-Discs,Fugitive,5.0,5.0,-0.2,1.0,21.8,2.1,1.3,1.4
Dynamic-Discs,Justice,5.0,2.1,0.5,4.1,21.3,1.7,1.3,1.5
Dynamic-Discs,Patrol,5.0,5.0,-3.0,0.6,21.7,1.6,1.2,1.4
Dynamic-Discs,Proof,5.0,5.0,-3.1,0.9,21.5,1.5,1.1,1.3
Dynamic-Discs,Suspect,4.0,3.1,-0.1,2.8,21.3,1.6,1.2,1.2
Dynamic-Discs,Truth,5.0,5.1,-0.7,1.4,21.7,1.7,1.2,1.5
Dynamic-Discs,Verdict,5.1,4.1,-0.1,3.3,21.7,1.7,1.2,1.5
Dynamic-Discs,Warrant,5.0,5.0,-1.9,0.1,21.7,1.8,1.4,1.2
Dynamic-Discs,Deputy,3.0,4.0,-1.4,0.0,21.2,2.0,1.5,1.1
Dynamic-Discs,EMac Judge ,2.0,4.0,0.0,1.0,21.2,2.0,1.4,1.1
Dynamic-Discs,Gavel,3.0,5.0,-1.8,0.4,21.3,1.9,1.4,1.4
Dynamic-Discs,Guard,2.0,5.0,0.0,0.5,21.0,2.1,1.6,0.9
Dynamic-Discs,Judge ,2.0,4.0,0.0,0.9,21.2,2.0,1.4,1.1
Dynamic-Discs,Marshal,3.0,3.6,-0.1,1.1,21.2,2.0,1.6,1.1
Dynamic-Discs,Slammer,2.6,2.1,0.0,3.0,21.2,1.7,1.1,1.1
Dynamic-Discs,Warden,2.1,3.6,0.0,0.5,21.2,2.0,1.5,1.1
EV-7,Penrose,2.0,4.0,0.0,1.9,21.1,2.1,1.5,1.1
EV-7,Phi,1.4,1.6,0.0,0.2,21.0,2.0,1.5,1.1
Elevation-Disc-Golf,Interceptor,4.8,3.6,0.0,3.0,21.1,1.5,1.1,1.4
Elevation-Disc-Golf,Koi,2.9,3.9,-0.9,0.1,21.1,1.8,1.4,1.1
Fourth-Circle-Discs,Firehawk,8.0,5.0,-2.0,1.0,21.2,1.8,1.1,2.3
Fourth-Circle-Discs,Taipan,13.0,5.0,0.0,3.1,21.1,1.6,1.1,2.4
Fourth-Circle-Discs,Dingo,5.0,4.8,0.0,3.0,21.5,1.6,1.3,1.3
Fourth-Circle-Discs,Huntsman,2.0,3.0,0.0,2.5,21.3,2.4,1.6,1.1
Full-Turn,Cruise,12.8,4.0,-2.0,2.6,21.1,1.6,1.1,2.3
Full-Turn,Traveler,9.0,3.9,0.0,2.0,21.1,1.7,1.2,1.9
Full-Turn,Voyage,12.2,4.9,0.0,3.1,21.1,1.8,1.1,2.3
Full-Turn,Drifter,8.9,4.0,-1.0,1.9,21.1,1.7,1.2,1.9
Full-Turn,Shortcut,7.0,3.0,-3.0,2.0,21.3,1.9,1.3,1.1
Full-Turn,Expedition,1.0,1.0,0.0,0.0,21.0,1.7,1.2,2.1
Full-Turn,Navigator,5.0,4.0,-1.1,1.9,21.6,1.7,1.5,1.4
Full-Turn,Manifest,1.0,1.0,0.0,0.0,21.0,2.0,1.5,1.0
Full-Turn,Passport,3.9,3.9,-0.9,1.0,21.2,2.1,1.6,1.0
Galaxy-Disc-Golf,Meteorite,11.0,3.1,-0.5,2.1,21.1,1.8,1.1,2.1
Galaxy-Disc-Golf,Shooting Star,7.0,5.0,-2.1,0.9,21.0,1.8,1.2,1.8
Galaxy-Disc-Golf,Orbit,4.9,4.0,0.0,2.6,21.2,2.1,1.3,1.0
Galaxy-Disc-Golf,Magneton,2.1,3.1,-0.1,1.8,21.1,1.9,1.5,1.0
Gateway,Apache,9.1,4.2,-0.9,2.0,21.0,2.0,1.2,1.7
Gateway,Apex,12.0,6.0,-1.0,1.9,21.5,1.9,1.1,2.3
Gateway,Diablo,9.3,5.1,-0.3,2.0,21.6,1.3,1.1,2.2
Gateway,Illusion,11.0,4.9,-0.9,3.1,21.4,1.5,1.1,2.1
Gateway,Journey,12.2,6.0,-1.6,1.1,21.2,1.9,1.1,2.2
Gateway,Ninja,10.6,4.9,-0.1,2.1,21.0,1.9,1.2,2.0
Gateway,Rage,10.0,5.0,-0.5,3.5,21.4,1.8,1.2,2.2
Gateway,Samurai,13.0,5.8,-2.2,1.1,21.1,1.8,1.2,2.3
Gateway,Siren,12.8,4.9,-1.9,1.2,21.1,1.5,1.4,2.3
Gateway,Slayer,12.8,4.9,-1.2,2.2,21.0,1.7,1.2,2.3
Gateway,Speed Demon,12.0,3.0,0.0,4.0,21.1,1.8,1.2,2.3
Gateway,Spirit,11.7,3.9,0.3,4.4,21.1,1.8,1.1,2.1
Gateway,Assassin,8.9,6.0,-1.6,1.1,21.0,1.9,1.1,1.9
Gateway,Blade,9.0,4.7,-0.1,3.2,21.1,1.4,1.2,1.9
Gateway,Blaze,7.0,4.8,0.0,2.8,21.1,1.9,1.2,1.7
Gateway,Hybrid,7.0,4.0,-0.5,3.0,21.2,2.2,1.3,1.7
Gateway,Sabre,8.0,5.0,-1.0,1.0,21.2,1.8,1.2,1.7
Gateway,Spear,9.0,6.0,-1.8,1.1,21.2,1.4,1.1,2.0
Gateway,Demon,5.9,3.0,0.1,4.1,21.1,1.9,1.2,1.7
Gateway,Element,5.0,5.0,-1.2,1.0,22.1,1.7,1.3,1.3
Gateway,Karma,6.2,4.8,-0.8,2.1,21.9,1.9,1.1,1.4
Gateway,Mystic,5.0,4.9,-2.7,0.1,21.8,1.9,1.1,1.5
Gateway,Prophecy,5.0,5.1,0.0,2.2,21.9,1.7,1.2,1.5
Gateway,Scout,6.0,5.0,-1.0,1.9,21.8,2.1,1.1,1.4
Gateway,Warrior,5.0,4.0,-0.1,3.0,22.0,1.9,1.2,1.4
Gateway,Chief,3.0,3.1,-0.1,1.2,21.1,1.7,1.3,1.0
Gateway,Chief OS,3.1,3.0,0.0,2.4,21.1,1.7,1.3,1.0
Gateway,Devil Hawk,3.0,2.9,0.1,2.1,21.1,1.7,1.3,1.0
Gateway,Magic,2.3,3.6,-1.0,0.0,21.0,2.1,1.5,1.0
Gateway,Shaman,3.1,3.2,-0.6,1.1,21.1,1.8,1.3,1.0
Gateway,Training Wizard,3.0,5.0,0.0,2.0,21.0,2.1,1.0,1.8
Gateway,Voodoo,2.5,3.6,0.0,0.7,21.1,2.1,1.6,1.0
Gateway,Warlock,2.3,3.6,-0.2,1.3,21.1,2.3,1.6,1.0
Gateway,Warspear,2.1,2.6,0.0,2.4,21.2,1.8,1.3,1.0
Gateway,Wizard,2.4,3.7,0.0,1.9,21.0,2.1,1.8,1.0
Guru-Disc-Golf,Midgard,6.0,5.0,-1.0,1.0,21.1,1.7,1.1,1.8
Guru-Disc-Golf,Thor,4.0,4.0,0.0,2.1,21.7,2.1,1.3,1.3
Guru-Disc-Golf,Mjolner,2.0,3.0,0.0,1.0,21.2,2.0,1.5,1.0
Infinite-Discs,Aztec,10.0,5.0,-1.2,2.0,21.1,1.5,1.1,2.1
Infinite-Discs,Emperor,12.0,5.1,-1.1,2.5,21.1,1.7,1.2,2.3
Infinite-Discs,Maya,11.9,5.1,-2.9,1.1,21.1,1.1,1.1,2.1
Infinite-Discs,Pharaoh,12.9,5.8,-1.3,2.0,21.1,1.4,1.1,2.3
Infinite-Discs,Slab,11.9,3.0,0.0,3.9,21.2,1.6,1.2,2.3
Infinite-Discs,Centurion,7.0,5.1,-1.1,1.4,21.2,1.6,1.1,1.6
Infinite-Discs,Exodus,7.1,4.9,-0.5,2.0,21.1,1.8,1.1,1.8
Infinite-Discs,Scepter,9.0,3.8,0.0,3.9,21.2,1.4,1.1,1.9
Infinite-Discs,Sphinx,9.0,6.0,-2.7,1.0,21.1,1.4,1.2,1.8
Infinite-Discs,Anubis,4.9,5.0,-0.2,0.2,21.8,2.1,1.3,1.4
Infinite-Discs,Chariot,5.0,5.0,0.0,1.1,21.7,1.7,1.4,1.4
Infinite-Discs,Inca,5.0,4.9,0.0,2.6,21.7,1.9,1.4,1.3
Infinite-Discs,Kon Tiki,4.0,5.2,-3.3,0.0,21.2,1.9,1.2,1.1
Infinite-Discs,Ra,5.0,4.1,0.0,2.5,21.8,2.0,1.3,1.4
Infinite-Discs,Alpaca,3.0,3.0,0.0,1.0,21.1,2.1,1.5,1.0
Infinite-Discs,Cohort,3.5,4.0,-0.1,1.0,21.1,1.8,1.3,1.0
Infinite-Discs,Myth,2.0,3.0,0.0,1.9,21.1,2.1,1.5,1.1
Infinite-Discs,Ruin,3.0,3.0,0.0,2.8,21.2,1.8,1.4,1.3
Infinite-Discs,Scarab,2.0,4.0,-0.1,1.0,21.2,2.1,1.5,1.0
Infinite-Discs,Tomb,3.1,4.0,0.0,1.1,21.2,1.7,1.4,1.1
Innova,Ape,13.0,4.8,0.0,4.1,21.1,1.5,1.2,2.4
Innova,Archon,11.0,5.0,-1.9,2.0,21.1,1.7,1.2,2.3
Innova,Beast,10.0,5.0,-2.0,2.0,21.2,1.4,1.1,2.0
Innova,Boss,13.0,5.0,-0.5,3.0,21.1,1.5,1.2,2.5
Innova,Colossus,14.0,5.0,-1.9,2.9,21.1,1.7,1.1,2.5
Innova,Corvette,13.9,5.9,-1.1,2.0,21.0,1.8,1.2,2.3
Innova,Daedalus,13.0,5.9,-3.5,1.9,21.1,1.5,1.2,2.3
Innova,Destroyer,12.0,5.0,-1.0,3.0,21.1,1.4,1.2,2.2
Innova,Dominator,12.9,4.8,-0.9,2.2,21.1,1.4,1.1,2.4
Innova,Firestorm,13.7,4.1,-0.3,2.9,21.1,1.5,1.1,2.3
Innova,Groove,12.8,5.6,-1.5,2.4,21.1,1.7,1.2,2.4
Innova,Invictus,10.3,4.3,-0.3,2.7,21.2,1.5,1.2,2.1
Innova,IT - Innova Tech,10.0,3.0,-3.0,2.0,21.2,1.6,1.2,1.8
Innova,Katana,13.0,5.0,-2.7,2.9,21.2,1.8,1.2,2.5
Innova,Krait,11.0,5.0,-1.0,2.0,21.2,2.3,1.2,2.3
Innova,Mamba,11.0,6.0,-4.9,1.0,21.1,1.7,1.1,2.1
Innova,Max,11.0,3.0,0.0,5.0,21.2,1.9,1.2,2.2
Innova,Monarch,10.0,5.0,-3.6,1.1,21.1,1.6,1.2,2.1
Innova,Monster,10.1,2.9,0.1,4.9,21.2,1.4,1.2,2.0
Innova,Mystere,11.0,6.0,-2.2,1.9,21.1,1.6,1.1,2.1
Innova,Orc,10.0,4.1,-1.0,3.0,21.2,1.9,1.2,2.0
Innova,Shryke,12.9,6.0,-2.0,2.0,21.0,1.7,1.2,2.3
Innova,SL,10.0,5.0,-1.0,2.0,21.1,1.7,1.1,2.0
Innova,Starfire,10.0,4.5,-0.5,2.5,21.2,1.4,1.1,2.0
Innova,TeeDevil,12.0,4.9,-1.2,2.1,21.2,1.6,1.2,2.4
Innova,TeeRex,11.0,4.0,-0.1,3.7,21.1,1.7,1.2,2.2
Innova,Tern,12.0,6.0,-2.0,2.0,21.1,1.7,1.1,2.3
Innova,Vulcan,13.0,5.0,-3.6,2.0,21.2,1.4,1.1,2.4
Innova,Wahoo,11.9,6.0,-2.1,2.0,21.0,2.0,1.2,2.4
Innova,Wraith,11.0,5.0,-1.1,2.9,21.1,1.4,1.2,2.1
Innova,X-Caliber,12.0,4.8,-0.1,3.9,21.1,1.6,1.2,2.3
Innova,Archangel,8.0,5.9,-3.9,1.3,21.1,1.6,1.5,1.9
Innova,Banshee,7.0,3.1,-0.1,3.0,21.2,1.5,1.2,1.8
Innova,Cheetah,6.0,4.0,-2.0,2.0,21.1,1.9,1.2,1.6
Innova,Dragon,7.9,4.9,-2.3,1.8,21.0,1.9,1.2,1.8
Innova,Eagle,7.1,4.1,-0.9,3.0,21.2,1.6,1.2,1.7
Innova,Firebird,9.0,3.1,0.0,4.0,21.1,1.4,1.2,1.9
Innova,FL,9.0,3.2,0.0,2.0,21.1,1.7,1.2,1.9
Innova,Gargoyle,6.0,3.0,-1.0,2.0,21.2,2.0,1.2,1.4
Innova,Gazelle,6.0,4.0,-0.2,1.9,21.2,1.8,1.2,1.6
Innova,Grenade,7.0,5.0,-2.0,3.0,21.1,2.2,1.5,1.0
Innova,Leopard,6.0,5.0,-1.9,1.0,21.2,1.6,1.1,1.6
Innova,Leopard3,7.0,5.1,-1.8,1.1,21.2,1.6,1.1,1.6
Innova,Pegasus,7.0,3.9,-0.8,3.1,21.1,1.7,1.1,1.7
Innova,Python,7.0,3.0,-1.0,2.0,21.7,1.7,1.1,1.9
Innova,Ram,6.3,4.0,1.0,4.0,21.7,1.9,1.3,1.8
Innova,Raven,6.0,4.0,-2.0,2.0,21.7,1.9,1.2,1.6
Innova,Roadrunner,9.0,5.1,-3.8,1.1,21.1,1.4,1.2,1.8
Innova,Savant,8.9,5.0,-0.8,2.2,21.1,1.6,1.1,1.9
Innova,Sidewinder,9.0,5.0,-2.8,1.1,21.1,1.4,1.2,1.8
Innova,Teebird,7.0,5.0,0.0,2.0,21.2,1.6,1.8,1.2
Innova,TeeBird +,7.0,5.0,0.0,2.0,21.2,1.6,1.8,1.2
Innova,TeeBird3,8.0,4.1,-0.1,2.1,21.2,1.5,1.1,1.7
Innova,Thunderbird,9.0,5.0,-0.1,2.1,21.2,1.6,1.1,1.9
Innova,TL,7.0,5.0,-0.1,1.0,21.1,1.6,1.2,1.8
Innova,TL3,8.0,4.1,-0.6,1.0,21.1,1.6,1.2,1.8
Innova,Valkyrie,8.9,4.1,-2.0,2.0,21.1,1.4,1.2,1.9
Innova,Viking,9.0,4.0,-1.0,2.0,21.2,1.4,1.1,1.9
Innova,Viper,6.1,4.1,1.0,5.0,21.7,2.0,1.3,1.6
Innova,Whippet,6.0,3.1,1.0,4.9,21.2,1.9,1.3,1.7
Innova,Atlas,5.0,4.8,-0.1,1.0,21.8,1.7,1.4,1.4
Innova,Avatar,5.0,4.1,0.0,2.0,21.7,1.8,1.4,1.1
Innova,Barracuda,5.0,4.0,-2.0,3.0,22.5,1.7,1.2,1.6
Innova,Bulldog,4.0,3.0,0.0,2.0,21.1,2.0,1.6,1.3
Innova,Caiman,5.0,2.4,0.0,3.7,21.1,1.7,1.4,1.4
Innova,Cobra,4.0,5.0,-2.0,1.9,21.7,2.0,1.1,1.2
Innova,Commander,5.2,3.2,0.0,3.8,21.8,2.2,1.2,1.4
Innova,Condor,3.0,4.2,-0.1,1.8,24.1,2.2,1.6,1.3
Innova,Coyote,4.0,4.6,-0.7,1.2,21.7,1.9,1.3,1.2
Innova,Cro,4.9,3.1,0.0,2.0,21.2,2.0,1.4,1.3
Innova,Croc,5.4,2.1,0.1,4.8,21.1,2.0,1.4,1.4
Innova,Foxbat,5.0,5.9,-1.0,0.0,21.7,2.2,1.4,1.4
Innova,Gator,5.0,2.1,0.0,3.2,21.2,1.9,1.4,1.3
Innova,Gator3,4.9,2.1,0.0,3.0,21.2,1.8,1.4,1.5
Innova,Griffin,5.0,3.0,1.0,3.0,21.2,2.0,1.3,1.7
Innova,Jaguar,5.5,6.0,-3.0,2.0,24.1,1.7,1.7,1.6
Innova,King Cobra,4.1,5.0,0.0,1.9,21.7,2.0,1.1,1.2
Innova,Kite,5.0,6.0,-2.9,1.0,21.2,1.9,1.3,1.6
Innova,Lion,5.0,4.0,0.0,1.9,21.7,1.7,1.4,1.3
Innova,Lycan,4.0,5.0,0.0,1.0,21.8,2.1,1.4,1.5
Innova,Makani,2.0,7.0,-2.0,0.0,24.2,2.7,1.7,0.7
Innova,Mako,4.0,5.0,-0.1,0.0,21.7,2.1,1.4,1.2
Innova,Mako3,5.0,4.2,-0.1,0.1,21.7,2.1,1.4,1.2
Innova,Manta,5.0,5.0,-2.6,1.0,21.8,1.9,1.2,1.4
Innova,Panther,5.0,4.0,-1.9,1.0,21.2,1.9,1.2,1.3
Innova,Rancho Roc,4.0,4.0,0.0,2.9,21.7,2.0,1.3,1.2
Innova,Rat,4.0,2.4,0.0,2.5,21.2,1.7,1.4,1.1
Innova,Roc,4.0,4.1,-0.1,2.6,21.7,2.0,1.3,1.2
Innova,Roc +,4.0,5.0,0.0,2.0,21.7,2.0,1.3,1.2
Innova,Roc3,5.0,4.1,-0.1,2.7,21.7,2.0,1.3,1.2
Innova,RocX3,5.0,4.0,0.0,3.3,21.8,2.0,1.4,1.4
Innova,Scorpion,5.0,5.0,-1.0,2.0,22.5,2.1,1.2,1.7
Innova,Shark,4.0,4.1,-0.2,1.8,21.7,2.1,1.3,1.2
Innova,Shark3,5.0,4.1,-0.1,1.9,21.7,2.1,1.3,1.2
Innova,Skeeter,4.8,5.0,-1.0,0.9,21.2,1.9,1.3,1.3
Innova,Spider,5.0,3.1,0.0,1.1,21.2,1.7,1.4,1.3
Innova,Stingray,4.0,5.0,-2.8,1.0,21.7,1.8,1.1,1.2
Innova,Super Stingray,4.0,5.0,-1.0,1.0,21.7,1.8,1.3,1.1
Innova,VCobra,5.0,5.1,-1.0,1.8,21.7,2.0,1.1,1.3
Innova,VRoc,4.0,3.9,0.0,1.7,21.8,2.0,1.3,1.4
Innova,Wedge,4.0,3.1,-3.1,1.0,21.2,1.7,1.2,1.0
Innova,Wolf,4.0,3.1,-3.9,0.9,21.8,1.6,1.1,1.2
Innova,Wombat,5.0,6.0,-1.2,0.8,21.8,2.2,1.4,1.4
Innova,Wombat3,5.0,5.9,-1.2,0.1,21.8,2.2,1.4,1.4
Innova,Ace,2.0,3.0,-2.1,1.0,21.1,1.6,1.2,1.6
Innova,Aero,3.0,6.0,-0.3,0.0,22.2,2.5,1.0,1.0
Innova,Animal,1.0,1.0,0.0,0.0,21.2,2.1,1.3,1.0
Innova,Aviar,2.1,3.0,0.0,1.0,21.2,1.9,1.3,1.1
Innova,Aviar Classic,2.0,3.0,0.0,0.0,21.2,2.0,1.5,0.9
Innova,Aviar Driver,2.0,3.0,0.0,1.9,21.2,2.0,1.5,0.9
Innova,Aviar Yeti,2.0,2.9,0.0,1.0,21.2,2.0,1.5,0.9
Innova,Aviar-X (JK),2.0,3.0,0.0,2.0,21.2,2.0,1.5,0.9
Innova,Aviar3,3.0,2.1,0.0,1.9,21.2,1.9,1.5,1.0
Innova,AviarX3,3.0,2.1,0.0,3.0,21.3,1.8,1.6,1.0
Innova,Birdie,1.0,2.0,0.0,0.0,21.1,2.3,1.9,0.7
Innova,Bullfrog,3.0,1.2,0.0,1.0,21.1,1.8,1.3,1.0
Innova,Classic Roc,3.1,3.1,0.0,2.0,21.2,2.0,1.2,0.9
Innova,Colt,3.1,3.3,-0.9,1.0,21.2,1.9,1.1,0.9
Innova,Coupe,2.0,3.0,-1.0,1.0,21.2,2.0,1.3,0.9
Innova,Dart,3.1,4.1,0.0,0.1,21.2,2.2,1.4,1.2
Innova,Firefly,2.0,3.0,0.0,1.0,21.1,2.1,1.5,1.0
Innova,Hammer,2.2,2.0,-1.0,1.8,21.7,2.1,1.1,1.2
Innova,Hawg,2.0,1.1,0.0,3.2,21.2,2.0,1.3,1.2
Innova,Hydra,3.0,3.0,0.0,2.1,21.1,2.0,1.4,1.4
Innova,Invader,3.0,2.0,0.0,1.0,21.2,1.9,1.5,1.0
Innova,KC Aviar,2.0,3.0,-0.1,2.0,21.2,2.0,1.5,0.9
Innova,Mirage,3.1,4.1,-3.0,0.1,21.2,1.9,1.2,1.1
Innova,Nova,2.0,3.0,0.0,0.1,21.3,2.7,1.5,1.1
Innova,Pig,3.0,1.0,0.0,3.0,21.2,2.1,1.4,1.4
Innova,Polecat,1.0,3.0,0.0,0.0,21.3,2.3,1.6,0.7
Innova,Rhyno,2.0,1.2,0.0,2.8,21.3,1.9,1.3,1.0
Innova,RhynoX,2.1,1.1,0.0,3.7,21.2,2.0,1.3,1.0
Innova,Sonic,1.0,2.1,-3.9,0.1,21.6,2.3,1.6,0.6
Innova,Stud,3.0,3.0,0.0,1.9,21.2,1.9,1.3,1.1
Innova,Toro,1.0,1.0,0.0,0.0,21.2,1.7,1.4,1.3
Innova,Warhog,3.0,3.0,0.0,1.0,21.2,2.2,1.4,1.4
Innova,Whale,2.0,3.1,0.0,1.0,21.1,2.0,1.5,1.0
Innova,XD,3.0,4.0,-1.0,1.0,21.2,2.1,1.1,0.9
Innova,XD +,3.0,4.0,-0.9,0.9,21.2,2.1,1.1,0.9
Innova,Zephyr,1.9,3.2,-0.1,0.0,24.1,2.7,1.7,0.7
Kastaplast,Grym,13.0,5.0,-1.3,2.0,21.2,1.6,1.1,2.2
Kastaplast,Grym X,12.4,5.0,-0.3,2.6,21.2,1.6,1.1,2.2
Kastaplast,Rask,13.7,3.1,0.0,4.3,21.1,1.6,1.1,2.2
Kastaplast,Falk,9.0,5.8,-2.3,1.3,21.1,1.8,1.1,1.9
Kastaplast,Lots,9.0,5.0,-1.0,1.9,21.1,1.5,1.1,1.9
Kastaplast,Stal,9.0,4.0,0.0,3.1,21.1,1.8,1.1,1.9
Kastaplast,Gote,4.0,5.0,-0.2,0.9,21.9,2.1,1.3,1.3
Kastaplast,Kaxe,6.0,4.2,0.0,2.9,21.0,1.9,1.3,1.5
Kastaplast,Kaxe Z,6.0,5.0,-0.1,1.9,21.1,1.9,1.3,1.5
Kastaplast,Svea,5.0,6.0,-1.0,0.1,21.9,2.1,1.3,1.3
Kastaplast,Berg,1.1,1.4,0.0,1.8,21.1,2.0,1.4,0.9
Kastaplast,Reko,3.0,3.2,-0.2,1.2,21.2,1.8,1.4,1.0
Kaufinator-Discs,Kaufinator Aftermath,13.0,5.0,-2.0,3.0,21.1,1.7,1.1,2.5
Kaufinator-Discs,Kaufinator Cannon,14.0,5.0,-3.0,3.0,21.1,1.8,1.2,2.5
Kaufinator-Discs,Kaufinator Nemesis,10.0,6.0,-4.0,2.0,21.3,1.5,1.1,2.0
Kaufinator-Discs,Kaufinator Outlaw,12.0,5.0,-1.0,3.0,21.0,1.6,3.0,2.3
Kaufinator-Discs,Kaufinator Rampage,14.0,5.0,-1.0,4.0,21.1,1.8,1.2,2.5
Kaufinator-Discs,Kaufinator Vengeance,10.0,5.0,0.0,2.0,21.1,1.7,1.7,2.0
Kaufinator-Discs,Kaufinator Bandit,9.0,5.0,-2.0,1.0,21.3,1.5,1.1,2.0
Kaufinator-Discs,Kaufinator Enemy,9.0,3.0,0.0,4.0,21.1,1.9,1.2,1.9
Kaufinator-Discs,Kaufinator Mongoose,9.0,5.0,-3.0,1.0,21.3,1.5,1.1,2.0
Kaufinator-Discs,Kaufinator Phenom,8.0,5.0,-1.0,2.0,21.2,1.7,1.2,1.8
Kaufinator-Discs,Kaufinator Rival,7.0,5.0,0.0,2.0,21.3,2.0,1.2,1.8
Kaufinator-Discs,Kaufinator Gauge,5.0,5.0,0.0,1.0,21.8,2.2,1.4,1.2
Kaufinator-Discs,Kaufinator Ghost,4.0,5.0,0.0,3.0,21.7,2.0,1.3,1.2
Kaufinator-Discs,Kaufinator Pursuit,5.0,3.0,0.0,3.0,21.3,1.6,1.3,1.5
Latitude-64,Ballista,13.9,4.8,-0.9,2.9,21.1,1.7,1.1,2.4
Latitude-64,Ballista Pro,13.9,4.4,-0.3,2.9,21.2,1.7,1.1,2.4
Latitude-64,Blitz,11.9,3.3,0.0,3.8,21.2,1.6,1.2,2.2
Latitude-64,Bolt,13.0,6.0,-2.3,2.6,21.1,1.7,1.1,2.4
Latitude-64,Cutlass,12.9,4.9,0.0,3.3,21.1,1.7,1.2,2.2
Latitude-64,Flow,11.0,5.9,-0.7,2.1,21.1,1.8,1.2,2.2
Latitude-64,Gladiator,13.0,5.0,0.0,3.3,21.1,1.7,1.1,2.3
Latitude-64,Grace,11.0,6.0,-1.0,2.0,21.1,1.6,1.1,2.2
Latitude-64,Halo,12.9,5.0,-0.6,2.8,21.1,1.4,1.1,2.4
Latitude-64,Havoc,12.9,5.0,-1.3,2.6,21.1,1.7,1.1,2.3
Latitude-64,Knight,14.0,4.2,-1.6,3.6,21.1,1.6,1.1,2.5
Latitude-64,Missilen,14.9,3.2,-0.4,4.0,21.4,1.7,1.1,2.5
Latitude-64,Musket,10.0,4.9,-0.7,2.2,21.2,1.8,1.1,2.0
Latitude-64,Raketen,14.5,3.6,-2.1,2.7,21.1,1.7,1.1,2.4
Latitude-64,Recoil,12.0,4.1,-0.1,2.9,21.2,1.8,1.2,2.2
Latitude-64,Riot,11.0,4.0,-0.9,2.1,21.2,1.9,1.2,2.2
Latitude-64,Rive,13.0,5.1,-0.2,3.3,21.1,1.8,1.2,2.3
Latitude-64,Sapphire,10.0,6.0,-1.8,1.6,12.0,1.7,1.2,2.0
Latitude-64,Scythe,12.0,3.2,0.0,4.0,21.1,1.5,1.1,2.2
Latitude-64,SPZ3,9.0,5.7,-1.5,2.0,21.1,1.8,1.2,1.9
Latitude-64,Stiletto,13.0,2.7,0.8,5.3,21.5,1.5,1.1,2.3
Latitude-64,Villain,12.0,4.0,-0.2,3.7,21.1,1.7,1.2,2.1
Latitude-64,Bryce,9.0,6.0,-1.8,1.9,21.2,1.7,1.3,1.4
Latitude-64,Culverin,9.0,5.0,-0.3,2.8,21.2,2.0,1.1,2.0
Latitude-64,Diamond,8.0,6.0,-3.1,1.0,21.1,1.4,1.1,1.8
Latitude-64,Explorer,7.0,5.1,-0.1,2.0,21.2,1.7,1.1,1.8
Latitude-64,Falchion,8.5,5.6,-1.1,2.0,21.1,1.6,1.1,1.9
Latitude-64,Fury,8.9,6.5,-2.1,1.3,21.2,1.8,1.2,1.2
Latitude-64,Jade,9.0,5.0,-2.0,1.3,21.0,1.8,1.1,1.9
Latitude-64,Maul,7.0,6.9,-2.2,1.0,21.5,1.9,1.2,1.8
Latitude-64,Pioneer,8.9,3.1,0.0,3.7,21.2,1.5,1.2,1.9
Latitude-64,Primitus,9.0,5.0,0.0,2.0,21.0,2.3,1.2,2.0
Latitude-64,River,7.0,6.9,-1.2,1.0,21.5,1.9,1.2,1.8
Latitude-64,River Pro,6.4,5.0,-0.2,2.1,21.4,1.8,1.3,1.8
Latitude-64,Saint,9.0,6.8,-1.4,1.9,21.2,1.9,1.2,1.9
Latitude-64,Saint Pro,8.4,6.0,-0.4,2.6,21.2,2.0,1.2,1.8
Latitude-64,Spark,7.1,4.1,-0.2,2.6,21.2,1.5,1.1,1.9
Latitude-64,Striker,8.2,5.0,-0.2,2.0,21.4,1.6,1.2,1.9
Latitude-64,Trident,5.8,3.2,-0.2,3.9,21.4,1.4,1.1,1.9
Latitude-64,Vision,8.0,6.1,-1.4,1.9,21.1,1.9,1.1,1.8
Latitude-64,XXX,7.2,2.8,0.0,4.4,21.5,1.5,1.1,2.0
Latitude-64,Zion,9.0,3.8,-0.6,3.0,21.2,1.7,1.1,2.0
Latitude-64,Anchor,5.0,4.0,0.0,2.8,21.7,1.8,1.5,1.4
Latitude-64,Claymore,5.0,5.0,-0.8,1.0,21.7,1.9,1.2,1.4
Latitude-64,Compass,4.9,4.9,0.0,1.0,21.6,2.3,1.3,1.3
Latitude-64,Core,5.4,5.0,-0.8,1.0,21.7,2.0,1.2,1.4
Latitude-64,Fuji,4.1,4.1,-0.1,1.9,21.7,1.8,1.2,1.3
Latitude-64,Fuse,5.0,6.1,-1.3,0.2,21.9,2.1,1.3,1.3
Latitude-64,Gobi,5.7,5.2,-0.5,1.1,21.7,1.8,1.3,1.4
Latitude-64,Mace,5.0,5.0,0.0,1.9,21.8,2.1,1.3,1.3
Latitude-64,Medius,5.0,5.0,-1.0,2.0,21.5,2.4,1.2,1.4
Latitude-64,Pain,4.1,4.0,-0.1,3.1,21.7,2.0,1.4,1.4
Latitude-64,Pearl,4.1,6.0,-4.1,0.2,21.6,1.8,1.2,1.2
Latitude-64,Trust,5.0,5.0,-0.1,1.9,21.7,1.9,1.3,1.3
Latitude-64,Beetle,1.0,6.9,-1.1,0.0,21.9,2.2,1.6,0.8
Latitude-64,Caltrop,2.0,2.1,0.0,2.0,21.0,1.9,1.5,1.0
Latitude-64,Dagger,2.0,4.7,0.0,1.3,21.1,2.1,1.5,1.0
Latitude-64,Faith,2.0,3.0,0.0,1.0,21.2,2.2,1.5,1.1
Latitude-64,Gauntlet,2.1,4.2,0.0,1.0,21.2,2.1,1.5,1.1
Latitude-64,Keystone,2.1,5.0,-1.0,0.9,21.1,1.9,1.5,1.0
Latitude-64,Macana,2.0,5.0,0.0,1.0,21.1,2.1,1.4,1.1
Latitude-64,Mercy,2.1,4.0,0.0,1.0,12.2,2.1,1.5,1.1
Latitude-64,Pure,3.0,3.2,-0.6,0.6,21.2,1.8,1.4,1.0
Latitude-64,Ruby,3.0,4.8,-3.0,0.9,21.5,1.9,1.4,1.0
Latitude-64,Sarek,2.1,4.2,-0.1,1.4,21.2,2.2,1.5,1.1
Latitude-64,Sinus,2.1,1.9,0.0,2.4,21.2,1.9,1.4,0.9
Latitude-64,Spike,3.9,2.7,-1.0,0.9,21.2,1.8,1.3,1.0
Launch-Disc-Golf,Frontier,10.5,3.0,-3.0,2.0,21.2,2.0,1.2,1.9
Launch-Disc-Golf,Cipher,8.0,4.0,-1.0,2.0,21.6,1.8,1.2,1.8
Launch-Disc-Golf,Horizon,7.0,3.0,-3.0,2.0,21.1,2.2,1.2,1.9
Launch-Disc-Golf,Code,5.5,4.0,-0.5,2.0,21.2,1.6,1.2,1.4
Launch-Disc-Golf,Code X,5.5,3.0,0.0,3.0,21.2,1.6,1.2,1.4
Launch-Disc-Golf,Lander,3.0,4.0,-0.5,2.0,21.0,1.8,1.4,1.2
Legacy,Aftermath,13.0,5.0,-1.9,3.0,21.1,1.7,1.1,2.5
Legacy,Cannon,14.0,5.0,-2.4,3.0,21.1,1.8,1.2,2.5
Legacy,Nemesis,9.9,6.0,-3.9,1.9,21.3,1.5,1.1,2.0
Legacy,Outlaw,12.0,4.9,-1.0,3.0,21.0,1.6,1.1,2.3
Legacy,Rampage,14.0,4.9,-1.0,3.8,21.1,1.8,1.2,2.5
Legacy,Recon,13.0,5.0,-1.0,3.0,21.2,1.7,1.1,2.4
Legacy,Vengeance,9.9,5.0,-0.1,2.0,21.1,1.7,1.7,2.0
Legacy,Bandit,9.0,5.0,-2.0,1.0,21.3,1.5,1.1,2.0
Legacy,Enemy,9.0,3.2,0.0,4.0,21.1,1.9,1.2,1.9
Legacy,Fighter,10.0,3.0,0.0,4.0,21.2,1.7,1.2,2.0
Legacy,Mongoose,9.0,5.0,-3.1,1.0,21.3,1.5,1.1,2.0
Legacy,Patriot,7.1,5.1,-1.8,1.0,21.2,1.8,1.1,1.8
Legacy,Phantom Warrior,7.0,5.0,0.0,2.1,21.3,2.0,1.2,1.8
Legacy,Phenom,8.0,5.0,-1.2,1.7,21.2,1.7,1.2,1.8
Legacy,Rival,7.1,4.9,0.0,2.0,21.3,2.0,1.2,1.8
Legacy,Badger,5.0,3.0,0.0,3.0,21.4,1.6,1.3,1.2
Legacy,Gauge,5.0,5.1,-0.1,1.0,21.8,2.2,1.4,1.2
Legacy,Ghost,4.0,5.0,-0.2,2.6,21.7,2.0,1.3,1.2
Legacy,Pursuit,5.0,3.2,0.0,3.2,21.3,1.6,1.3,1.5
Legacy,Recluse,4.0,3.0,0.0,3.9,21.3,1.6,1.5,1.3
Legacy,Valor,5.0,5.0,0.0,1.9,21.7,2.1,1.3,1.2
Legacy,Clozer,2.0,3.0,0.0,1.9,21.2,2.1,1.4,0.9
Legacy,Clutch,2.1,3.2,-0.2,1.0,21.2,2.0,1.4,0.9
Legacy,Hunter,2.3,3.8,-0.1,0.1,21.2,1.8,1.4,0.9
Legacy,Prowler,2.0,3.1,-0.1,1.5,21.2,2.2,1.4,0.9
Lightning-Discs,MX-1,9.0,4.0,-2.0,3.0,21.3,1.7,1.1,2.1
Lightning-Discs,#1 Driver,7.1,4.0,-2.0,1.9,21.4,1.5,1.1,1.6
Lightning-Discs,#1 Flyer,8.0,5.0,-2.0,2.0,21.4,1.5,1.1,1.6
Lightning-Discs,#1 Helix,8.0,4.0,-1.0,3.0,21.5,1.6,1.3,1.6
Lightning-Discs,#1 Hookshot,6.0,4.0,0.0,3.0,22.2,1.7,1.5,1.5
Lightning-Discs,#1 Hyzer,7.0,3.0,0.0,4.0,21.7,1.8,1.3,1.8
Lightning-Discs,#1 Roller,7.0,4.0,-1.0,0.5,21.7,1.7,1.1,1.8
Lightning-Discs,#1 Slice,7.0,4.0,-3.0,2.0,22.6,1.8,1.2,1.4
Lightning-Discs,#2 Driver,7.8,5.0,-1.8,2.0,21.4,2.0,1.3,1.6
Lightning-Discs,#2 Flyer,8.0,5.0,-1.0,2.0,21.3,1.8,1.1,1.7
Lightning-Discs,#2 Helix,8.0,5.0,-1.0,3.0,21.2,1.7,1.4,1.7
Lightning-Discs,#2 Helix,7.8,4.8,-1.1,2.8,21.2,1.7,1.4,1.7
Lightning-Discs,#2 Roller,6.0,6.0,-2.0,2.0,21.7,1.7,1.1,1.8
Lightning-Discs,#2 Slice,6.0,5.0,-3.0,1.0,21.6,2.0,1.1,1.3
Lightning-Discs,#3 Driver,6.0,5.0,-2.0,3.0,22.5,2.0,1.2,1.6
Lightning-Discs,#3 Flyer,7.0,4.1,-2.0,2.0,21.2,2.0,1.3,1.5
Lightning-Discs,#4 Driver,7.1,4.0,-1.0,2.0,21.2,1.7,1.1,1.7
Lightning-Discs,#2 Hookshot,5.0,5.0,-1.0,3.0,21.5,2.1,1.1,1.3
Lightning-Discs,#2 Hyzer,5.0,5.0,1.0,4.0,21.1,2.0,1.2,1.6
Lightning-Discs,#3 Hookshot,4.0,5.0,-1.0,2.0,21.9,2.1,1.2,1.3
Lightning-Discs,#3 Hyzer,4.0,4.0,0.0,4.0,2.2,2.1,1.2,1.6
Lightning-Discs,#3 Slice,6.0,5.0,-3.0,1.0,21.6,2.0,1.1,1.3
Lightning-Discs,#2 Putter,1.0,2.0,-2.0,1.0,21.8,2.6,1.6,1.0
Lightning-Discs,#2 Upshot,2.0,3.0,-1.2,0.9,21.4,2.0,1.5,0.9
Lightning-Discs,Rubber Putter,2.0,3.1,-1.0,1.0,21.6,2.5,1.3,1.3
Lightning-Discs,Upshot,1.0,3.0,-2.0,0.0,21.6,2.2,1.4,0.7
Lone-Star-Disc,Bowie,13.0,4.9,0.0,4.1,21.1,1.7,1.1,2.4
Lone-Star-Disc,Curl,11.0,6.0,-1.0,2.9,21.2,1.8,1.1,2.2
Lone-Star-Disc,Mad Cat,9.0,4.8,-0.1,2.3,21.2,1.8,1.2,1.9
Lone-Star-Disc,Mockingbird,7.0,5.0,-1.9,1.1,21.0,2.0,1.2,1.8
Lone-Star-Disc,BB6,5.0,3.0,-3.0,2.0,21.3,2.1,1.3,1.2
Lone-Star-Disc,Harpoon,4.0,3.0,0.0,2.0,21.5,1.7,1.2,1.2
Lone-Star-Disc,Middy,5.0,5.0,0.0,3.0,21.4,1.6,1.2,1.3
Lone-Star-Disc,Penny Putter,3.0,3.0,-0.1,1.7,21.0,1.9,1.5,1.1
MVP,Beam,1.0,1.0,0.0,0.0,21.2,1.7,1.2,2.3
MVP,Catalyst,13.0,5.5,-2.1,1.6,21.1,1.9,1.2,2.4
MVP,Dimension,14.0,4.9,0.0,3.1,21.0,1.8,1.2,2.5
MVP,Energy,13.1,4.1,0.2,3.8,21.1,2.1,1.2,2.4
MVP,Impulse,10.0,4.9,-2.9,1.1,21.1,1.4,1.2,2.0
MVP,Inertia,10.2,4.9,-1.9,2.0,21.1,1.4,1.2,2.0
MVP,Limit,14.0,4.0,0.3,4.3,21.1,1.9,1.2,2.5
MVP,Motion,9.8,4.0,0.0,4.0,21.0,1.4,1.2,2.0
MVP,Nitro,13.0,4.4,-0.3,2.6,21.2,1.9,1.2,2.4
MVP,Octane,13.0,4.9,-1.0,2.1,21.2,1.7,1.2,2.4
MVP,Orbital,11.5,5.0,-4.4,0.9,21.2,1.4,1.1,2.2
MVP,Phase,11.3,3.6,0.1,4.1,21.1,1.4,1.1,2.2
MVP,Photon,11.4,4.8,-1.0,2.7,21.1,1.4,1.1,2.2
MVP,Relativity,13.9,5.1,-2.5,1.6,21.1,1.9,1.2,2.5
MVP,Teleport,14.0,5.1,-1.2,2.2,21.1,1.9,1.2,2.5
MVP,Tesla,10.0,4.6,-0.6,2.3,21.0,1.4,1.2,2.0
MVP,Wave,11.3,5.1,-1.9,1.8,21.1,1.4,1.1,2.2
MVP,Amp,8.0,5.0,-1.3,1.2,21.0,1.7,1.1,1.9
MVP,Cypher,7.0,3.0,-3.0,2.0,21.2,1.5,1.2,1.8
MVP,Relay,6.1,5.0,-2.3,1.1,21.1,1.5,1.2,1.7
MVP,Resistor,6.6,3.8,0.0,3.3,21.1,1.4,1.1,1.7
MVP,Servo,6.6,4.9,-0.9,2.0,21.1,1.4,1.2,1.8
MVP,Shock,8.0,5.0,-0.1,2.5,21.1,1.6,1.2,1.9
MVP,Signal,6.0,5.0,-3.1,1.0,21.1,1.5,1.2,1.2
MVP,Switch,6.7,5.0,-1.5,1.1,21.1,1.4,1.2,1.8
MVP,Volt,8.1,4.9,-0.6,2.1,21.1,1.6,1.1,2.0
MVP,Axis,5.0,4.9,-0.9,1.0,21.8,2.5,1.3,1.3
MVP,Deflector,5.0,3.6,0.2,4.1,21.5,2.0,1.3,1.6
MVP,Matrix,5.0,4.1,-0.6,2.0,21.5,1.6,1.4,1.4
MVP,Reactor,5.1,5.0,-0.4,1.6,21.4,1.7,1.3,1.4
MVP,Tangent,4.5,4.1,-0.9,1.0,21.5,2.1,1.3,1.2
MVP,Tensor,4.4,4.3,-0.1,2.5,21.5,2.1,1.3,1.2
MVP,Uplink,5.0,3.0,-2.0,2.0,21.5,1.8,1.4,1.3
MVP,Vector,5.0,4.0,0.0,2.3,21.7,2.1,1.3,1.3
MVP,Vertex,4.2,4.0,-2.3,0.6,21.5,1.9,1.3,1.2
MVP,Anode,3.0,3.1,-0.1,0.4,21.0,2.1,1.4,1.1
MVP,Atom,2.7,3.1,-0.3,0.8,21.1,1.9,1.4,1.1
MVP,Entropy,3.9,2.9,0.0,3.0,21.2,2.0,1.4,1.2
MVP,Ion,3.0,3.5,0.0,1.2,21.2,1.9,1.6,1.1
MVP,Nomad,2.0,3.9,-0.1,1.0,21.2,2.0,1.4,1.1
MVP,Ohm,2.0,5.0,0.0,1.0,21.2,1.9,1.5,1.0
MVP,Particle,3.0,3.0,-0.1,2.2,21.1,2.0,1.4,1.1
MVP,Spin,3.0,4.1,-1.7,0.0,21.0,1.9,1.5,1.1
Millennium,Aquarius,10.0,5.1,-3.7,1.8,21.0,1.9,1.2,2.0
Millennium,Aries,11.0,6.0,-2.6,1.1,21.1,1.5,1.2,2.2
Millennium,Astra,10.9,5.1,-2.0,1.9,21.1,1.5,1.2,2.2
Millennium,Astra-X,11.0,4.9,-1.6,3.2,21.1,1.5,1.2,2.2
Millennium,Falcon,13.0,5.1,-1.8,2.1,21.1,1.4,1.1,2.4
Millennium,Polaris LF,9.0,5.0,-2.0,2.5,21.1,1.9,1.1,1.6
Millennium,Quasar,12.8,5.0,-1.0,3.9,21.2,1.6,1.2,2.5
Millennium,Scorpius,12.8,4.4,-1.0,2.9,21.1,1.7,1.2,2.4
Millennium,Draco,9.0,3.0,0.0,4.0,21.2,1.4,1.2,1.9
Millennium,EXP-X,7.0,3.0,0.8,3.9,21.1,1.6,1.2,1.8
Millennium,EXP1,7.0,3.0,0.0,4.0,21.1,1.6,1.2,1.8
Millennium,JLS,7.8,5.0,-1.9,1.8,21.0,1.5,1.1,1.6
Millennium,Orion LF,9.0,5.0,-1.0,2.9,21.1,1.5,1.2,1.9
Millennium,Orion LS,9.1,4.9,-1.9,1.9,21.1,1.4,1.2,1.9
Millennium,Polaris LS,7.8,5.0,-2.0,1.1,21.1,1.9,1.1,1.6
Millennium,Aurora MS,4.1,5.0,-1.0,1.0,21.8,1.8,1.2,1.2
Millennium,Sentinel MF,5.0,4.1,0.0,4.0,21.7,2.1,1.2,1.3
Millennium,Taurus,4.0,4.0,-0.1,3.8,21.7,2.0,1.5,19.0
Millennium,Omega,2.0,3.0,-0.9,1.0,21.1,2.0,1.5,0.9
Millennium,Omega 4,2.9,3.0,0.0,1.1,21.1,2.1,1.0,1.5
Millennium,Omega AP,2.0,3.0,0.0,0.0,21.1,2.0,1.5,0.9
Millennium,Omega AP Big Bead,2.0,3.0,0.0,0.0,21.2,2.1,1.5,0.9
Millennium,Omega Big Bead,2.0,3.0,-1.0,1.0,21.1,2.0,1.5,0.9
Millennium,Omega Driver,3.0,2.0,0.0,1.9,21.1,2.0,0.9,1.5
Millennium,Omega SuperSoft,2.0,3.0,-0.9,1.0,21.1,2.0,1.5,0.9
Mint-Discs,Freetail,10.0,6.0,-3.2,1.8,21.1,1.7,1.2,2.0
Mint-Discs,Longhorn,11.0,4.1,-1.0,3.0,21.3,1.5,1.2,2.1
Mint-Discs,Phoenix,1.0,1.0,0.0,0.0,21.2,1.5,1.2,2.0
Mint-Discs,Alpha,8.1,4.2,0.0,2.0,21.1,2.1,1.2,2.0
Mint-Discs,Grackle,1.0,1.0,0.0,0.0,21.3,1.6,1.2,1.9
Mint-Discs,Jackalope,8.0,5.0,-1.9,1.0,0.0,0.0,0.0,0.0
Mint-Discs,Bobcat,5.0,4.3,0.0,2.6,2.4,1.9,1.4,1.4
Mint-Discs,Mustang,5.0,4.9,-0.1,1.8,21.5,1.6,1.3,1.4
Mint-Discs,Bullet,2.0,3.0,0.0,1.0,21.2,1.8,1.5,1.1
Mint-Discs,Profit,3.0,3.0,0.0,1.3,21.1,1.9,1.6,1.1
Plastic-Addicts,Intervention,12.1,4.9,-0.9,4.0,21.2,1.3,1.1,2.3
Plastic-Addicts,Habit,3.0,5.1,-1.2,0.0,22.1,2.1,1.6,1.0
Prodigy,D Model OS,13.0,5.0,0.0,3.8,21.0,1.5,1.1,2.2
Prodigy,D Model S,13.0,5.9,-0.2,2.0,21.0,1.6,1.2,2.2
Prodigy,D Model US,12.4,5.9,-3.4,1.1,21.2,1.8,1.1,2.3
Prodigy,D Model US+,1.0,1.0,0.0,0.0,21.0,1.8,1.1,2.2
Prodigy,D Model US++,1.0,1.0,0.0,0.0,21.0,1.7,1.1,2.2
Prodigy,D1,12.3,5.1,-0.2,2.8,21.0,1.9,1.2,2.3
Prodigy,D1 Max,12.0,5.0,-0.2,2.9,21.0,1.6,1.2,2.3
Prodigy,D2,12.2,5.9,-1.0,2.9,21.0,1.9,1.2,2.3
Prodigy,D2 Max,11.9,5.8,-1.0,2.9,21.1,1.9,1.2,2.4
Prodigy,D3,12.4,5.9,-2.0,2.1,21.0,1.7,1.2,2.3
Prodigy,D3 Max,12.0,5.8,-2.4,1.7,21.1,1.8,1.2,2.4
Prodigy,D4,12.2,5.9,-2.9,2.1,21.0,1.9,1.2,2.3
Prodigy,D4 Max,12.0,6.0,-3.9,1.0,21.0,1.9,1.2,2.4
Prodigy,D5,12.3,5.9,-3.6,2.1,21.1,1.6,1.2,2.4
Prodigy,D6,12.2,6.0,-4.0,1.0,21.0,1.6,1.2,2.4
Prodigy,X1,12.9,3.0,0.0,4.9,21.2,1.5,1.2,2.3
Prodigy,X2,12.8,4.3,-0.1,3.8,21.1,1.8,1.1,2.2
Prodigy,X3,11.9,5.0,-1.0,2.1,21.1,1.7,1.1,2.2
Prodigy,X4,12.7,5.0,-2.3,2.0,21.2,1.7,1.1,2.3
Prodigy,X5,13.0,5.0,-3.8,1.2,21.1,1.9,1.1,2.2
Prodigy,F Model OS,10.0,5.0,1.4,3.6,21.3,1.5,1.1,2.1
Prodigy,F Model OS+,1.0,1.0,0.0,0.0,21.2,1.7,1.1,2.1
Prodigy,F Model S,10.0,4.9,0.3,2.9,21.0,1.5,1.2,2.0
Prodigy,F Model US,10.0,4.9,-1.4,1.6,21.3,1.5,1.1,2.1
Prodigy,F1,7.0,4.1,-0.1,2.8,21.3,1.5,1.1,1.8
Prodigy,F2,7.1,4.8,-1.1,2.8,21.1,1.6,1.2,2.0
Prodigy,F3,7.0,5.0,-1.0,2.0,21.3,1.5,1.1,1.8
Prodigy,F5,7.0,5.0,-1.9,1.1,21.3,1.9,1.2,1.8
Prodigy,F7,7.0,5.0,-3.0,0.9,21.3,1.5,1.1,1.8
Prodigy,FX-2,9.1,4.0,-0.6,3.1,21.1,1.6,1.2,2.0
Prodigy,H1 V2,10.8,4.0,0.0,3.0,21.4,1.6,1.2,2.0
Prodigy,H2 V2,10.9,4.9,-0.2,2.4,21.4,1.6,1.2,2.0
Prodigy,H3 V2,10.7,5.0,-1.0,2.1,21.3,1.8,1.2,2.0
Prodigy,H4 V2,10.2,5.0,-2.0,1.5,21.3,1.5,1.2,2.1
Prodigy,H5,9.0,5.0,-2.9,1.0,21.3,1.7,1.2,2.0
Prodigy,M Model OS,5.9,4.1,-0.9,2.7,22.0,1.9,1.5,1.2
Prodigy,M Model S,5.9,4.1,-0.1,2.7,21.7,2.0,1.5,1.3
Prodigy,M Model US,4.0,5.0,-1.1,0.9,21.8,1.9,1.5,1.3
Prodigy,M1,5.0,4.0,0.0,2.7,21.7,2.0,1.3,1.4
Prodigy,M2,5.0,4.0,-0.1,2.0,21.7,2.0,1.3,1.4
Prodigy,M3,5.0,5.0,-0.9,2.0,21.7,1.9,1.3,1.4
Prodigy,M4,5.0,4.9,-1.1,1.0,21.7,2.0,1.3,1.4
Prodigy,M5,5.0,5.0,-3.0,0.9,21.7,2.2,1.3,1.3
Prodigy,MX-3,5.0,4.1,-0.2,1.8,21.7,1.9,1.3,1.4
Prodigy,A1,3.2,2.8,0.1,3.2,21.0,2.0,1.3,1.4
Prodigy,A2,4.0,3.6,0.1,3.1,21.0,1.9,1.2,1.4
Prodigy,A3,4.0,3.8,0.0,3.1,21.0,1.9,1.2,1.4
Prodigy,A4,4.0,3.9,-0.8,2.0,21.0,2.0,1.3,1.4
Prodigy,P Model S,3.0,4.9,0.0,1.8,21.3,1.9,1.2,1.0
Prodigy,P Model US,3.0,4.7,-0.8,1.1,21.3,2.0,1.5,1.1
Prodigy,PA-1,3.0,3.0,0.0,2.0,21.0,1.9,1.4,1.0
Prodigy,PA-2,3.0,3.0,0.0,1.2,21.1,1.9,1.4,1.0
Prodigy,PA-3,3.0,4.0,0.0,1.1,21.1,1.9,1.0,1.4
Prodigy,PA-4,3.0,3.1,-0.9,0.9,21.0,1.9,1.4,1.0
Prodiscus,Fasti,13.0,4.1,-2.2,2.6,21.1,1.5,1.1,2.4
Prodiscus,Legenda,13.0,5.1,-1.0,2.0,21.1,1.5,1.1,2.4
Prodiscus,Razeri,12.0,5.0,0.0,2.9,21.1,1.5,1.1,2.3
Prodiscus,Slaidi,11.9,5.0,0.0,3.0,21.1,2.0,1.2,2.2
Prodiscus,Titan,9.8,4.1,0.0,3.0,21.2,1.6,1.2,1.9
Prodiscus,Flipperi,9.0,3.1,-3.2,0.0,21.2,1.7,1.2,2.0
Prodiscus,Laseri,9.5,5.8,-1.2,1.1,21.1,1.6,1.1,1.9
Prodiscus,Respecti,8.0,4.0,0.1,2.2,21.0,1.8,1.3,1.9
Prodiscus,Rocket,9.0,4.0,0.0,3.0,21.2,1.7,1.3,1.9
Prodiscus,Troija,7.0,3.0,-3.0,2.0,21.7,2.1,1.4,1.5
Prodiscus,Midari,5.0,4.1,-0.8,1.9,21.6,1.8,1.5,1.4
Prodiscus,STARi,5.1,4.0,-2.2,0.9,21.6,1.9,1.4,1.3
Prodiscus,Jokeri,4.0,3.1,0.0,2.1,21.1,1.8,1.5,1.1
Prodiscus,Sparta,3.0,3.2,0.0,0.5,21.3,2.0,1.6,1.0
Quest-AT,Odyssey Distance Driver,12.0,5.0,-3.0,1.0,21.3,2.5,1.5,2.3
Quest-AT,Raging Inferno,12.5,4.1,1.8,2.0,21.1,1.9,1.1,2.1
Quest-AT,T-Bone,8.0,8.0,-1.0,1.0,21.2,1.6,1.2,1.9
Quest-AT,10 Meter Brick,2.0,2.0,0.0,0.0,21.4,1.8,1.3,0.3
Quest-AT,10 Meter Crossfire,2.5,2.0,-1.0,1.0,21.2,2.1,1.4,1.2
Quest-AT,Crossfire,4.0,8.0,-1.0,1.9,21.2,2.0,1.4,1.2
Quest-AT,Turbo Putt,3.8,1.0,-1.8,2.1,22.5,2.0,1.1,1.5
Quest-AT,Turbo Putt II,4.0,2.0,-1.0,2.0,21.1,2.0,1.5,1.2
RPM-Discs,Kahu,13.0,5.0,-1.5,2.9,21.0,1.5,1.1,2.4
RPM-Discs,Kahu OS,13.0,4.9,0.0,3.0,21.0,1.5,1.1,2.4
RPM-Discs,Kahu XG,13.0,5.2,-1.5,2.8,21.0,1.5,3.0,2.4
RPM-Discs,Kiwi,9.8,4.1,-0.5,2.9,21.1,1.4,1.2,2.0
RPM-Discs,Kotare,12.0,4.9,0.0,3.0,21.2,1.5,1.5,2.3
RPM-Discs,Huia,7.0,5.0,-0.1,2.0,21.2,1.9,1.2,1.8
RPM-Discs,Pekapeka,9.0,5.1,-2.9,1.0,21.2,1.5,1.1,2.1
RPM-Discs,Taniwha,10.0,5.0,-2.1,1.8,21.1,1.4,1.2,2.0
RPM-Discs,Kea,4.8,4.6,0.0,3.0,21.2,1.9,1.4,1.4
RPM-Discs,Kotuku,5.0,4.9,0.0,2.1,21.7,1.7,1.4,1.4
RPM-Discs,Piwakawaka,4.5,5.5,-0.7,0.3,21.8,2.0,1.2,1.3
RPM-Discs,TeMoko,3.0,4.0,0.0,0.0,23.7,2.9,2.3,0.7
RPM-Discs,Ruru,3.0,3.1,-0.1,1.0,21.0,2.3,1.6,1.0
RPM-Discs,Tui,3.0,4.1,-1.1,0.0,21.1,1.8,1.4,0.9
Reptilian-Disc-Golf,Ptero,7.0,5.0,-1.0,1.0,21.2,1.7,1.1,1.8
Reptilian-Disc-Golf,Tyrant,7.1,3.2,0.0,2.7,21.2,1.4,1.1,1.8
Reptilian-Disc-Golf,Velociraptor,9.0,4.0,0.0,2.5,21.0,2.0,1.6,2.0
Reptilian-Disc-Golf,Gila,5.0,4.0,-0.1,3.0,21.0,1.6,1.2,1.4
Reptilian-Disc-Golf,Stego,3.0,1.0,1.1,4.3,21.3,1.8,1.2,1.0
Reptilian-Disc-Golf,Scale,2.0,1.2,0.0,2.9,21.0,2.2,1.5,1.0
Reptilian-Disc-Golf,Serpent,2.0,2.0,0.0,0.1,21.0,2.2,1.0,1.5
Skyquest,Lucky 13,10.0,5.0,-3.0,2.0,21.2,1.5,1.1,2.1
Skyquest,Medusa,10.9,5.0,-2.1,1.9,21.2,1.5,1.1,2.1
Skyquest,Chainzilla,2.0,3.0,-1.0,1.0,21.2,2.2,1.7,1.0
Storm-Disc-Golf,Jet Stream,12.0,5.0,-0.9,3.0,21.0,1.7,1.2,2.3
Storm-Disc-Golf,Maelstrom,11.0,5.0,-1.0,2.9,21.4,1.7,1.1,2.2
Storm-Disc-Golf,Abyss,8.0,4.0,0.0,2.9,21.1,1.6,1.1,2.0
Storm-Disc-Golf,Eye,5.1,5.1,-1.1,1.0,21.9,1.8,1.2,1.4
Storm-Disc-Golf,Wall Cloud,5.0,5.0,0.0,3.0,21.9,2.1,1.3,1.5
Storm-Disc-Golf,Crater,3.0,2.0,0.0,2.9,21.1,1.8,1.3,1.1
Storm-Disc-Golf,Radar,2.0,5.0,0.0,0.5,21.1,2.0,1.5,1.0
Streamline,Engine,1.0,1.0,0.0,0.0,21.2,1.5,1.1,2.4
Streamline,Flare,9.0,3.8,0.1,3.8,21.2,1.8,1.2,2.0
Streamline,Lift,9.0,5.0,-1.7,1.6,21.2,1.7,1.2,2.0
Streamline,Trace,11.0,5.0,-1.0,2.0,21.1,1.5,1.0,2.1
Streamline,Drift,7.0,5.1,-1.9,1.1,21.2,1.8,1.2,1.8
Streamline,Jet,1.0,1.0,0.0,0.0,21.2,1.5,1.1,2.2
Streamline,Echo,1.0,1.0,0.0,0.0,21.4,1.6,1.3,1.5
Streamline,Runway,5.0,4.0,0.0,3.4,21.5,1.7,1.4,1.4
Streamline,Pilot,2.1,4.9,-0.7,1.0,21.2,1.8,1.3,1.0
Streamline,Stabilizer,3.0,4.0,0.0,2.9,21.2,1.8,1.4,1.1
Sune-Sport,Short Slacker,10.9,5.0,-1.3,1.9,21.0,1.4,1.2,2.1
Sune-Sport,Contrail,6.0,5.0,0.0,2.0,21.0,1.5,1.3,1.6
Sune-Sport,Night Trooper,7.0,5.9,-1.3,1.0,21.0,1.5,1.1,1.8
Sune-Sport,Cirrus,3.0,3.0,0.0,1.9,21.1,1.6,1.3,1.0
Sune-Sport,Mad Mission,3.0,3.1,-0.1,1.9,19.2,1.8,1.4,1.0
Sune-Sport,Silent Cruiser,5.1,4.9,0.0,2.5,21.1,1.8,1.3,1.6
Sune-Sport,Cumulus,2.0,3.0,-1.0,0.9,21.1,1.7,1.4,1.1
Sune-Sport,Flow Motion,2.0,3.1,0.0,1.9,21.1,1.9,1.5,1.0
Thought-Space-Athletics,Animus,10.4,4.6,-0.7,2.4,21.2,1.6,1.2,2.1
Thought-Space-Athletics,Mantra,9.1,5.9,-2.1,1.0,21.2,1.7,1.2,2.0
Thought-Space-Athletics,Votum,9.0,5.0,-1.0,2.0,21.2,1.7,1.2,1.8
Thought-Space-Athletics,Pathfinder,4.9,5.0,-0.2,1.0,21.5,1.7,1.3,1.4
Thought-Space-Athletics,Praxis,3.0,3.0,-0.1,0.9,21.2,1.8,1.4,1.2
Viking-Discs,Berserker,10.0,5.1,-3.2,1.7,21.2,1.7,1.2,2.1
Viking-Discs,Fenrir,1.0,1.0,0.0,0.0,21.3,1.8,1.1,2.0
Viking-Discs,Odin,1.0,1.0,0.0,0.0,21.3,1.4,1.1,2.3
Viking-Discs,Ragnarok,11.2,5.0,-1.1,1.9,21.2,2.1,1.1,2.1
Viking-Discs,Thunder God Thor,14.0,4.9,0.1,2.5,21.0,1.7,1.2,2.5
Viking-Discs,Valhalla,12.0,5.0,0.0,2.0,21.3,2.0,1.2,2.2
Viking-Discs,Barbarian,7.0,4.9,0.1,2.1,21.3,1.8,1.2,1.9
Viking-Discs,Cosmos,7.0,5.1,-0.4,1.0,21.0,1.6,1.1,1.8
Viking-Discs,Axe,4.0,3.0,0.0,1.0,21.2,2.0,1.3,1.0
Viking-Discs,Loki,4.0,2.0,0.0,4.0,21.4,1.9,1.3,1.5
Viking-Discs,Nordic Warrior,4.0,4.1,0.0,2.0,21.5,2.0,1.4,1.4
Viking-Discs,Knife,2.8,3.1,0.0,1.8,21.1,1.9,1.8,1.0
Viking-Discs,Rune,2.0,4.0,0.0,0.0,21.2,2.1,1.6,1.1
Westside,Boatman,10.8,5.1,-0.1,2.1,21.4,1.9,1.3,2.2
Westside,Catapult ,13.8,4.6,-0.5,3.0,21.1,1.6,1.0,2.4
Westside,Destiny,13.7,6.0,-2.2,2.7,21.1,1.8,1.0,2.4
Westside,Fortress,10.0,4.0,0.0,3.1,21.2,1.5,1.1,2.0
Westside,Giant,12.8,4.5,0.1,3.4,21.1,1.7,1.2,2.3
Westside,King,13.6,5.1,-2.1,2.7,21.1,1.9,1.1,2.3
Westside,Northman,10.0,5.0,-1.1,1.8,21.5,1.7,1.1,2.0
Westside,Queen,13.7,5.1,-2.8,1.9,21.2,1.5,1.1,2.3
Westside,Sampo,9.9,4.6,-0.6,2.1,21.2,1.9,1.2,2.1
Westside,Sorcerer,12.9,5.4,-0.8,2.4,21.2,1.6,1.1,2.3
Westside,Sword,11.9,5.1,-0.8,2.0,21.2,1.8,1.2,2.2
Westside,The Adder,1.0,1.0,0.0,0.0,21.2,1.9,1.1,2.2
Westside,War Horse,12.9,4.0,0.0,4.0,21.1,1.6,1.2,2.2
Westside,World,13.9,4.0,-0.3,3.2,21.2,1.6,1.2,2.4
Westside,Ahti,9.0,3.0,0.1,4.0,21.2,1.7,1.1,2.0
Westside,Hatchet,9.0,5.9,-2.2,1.3,21.3,2.0,1.2,1.9
Westside,Longbowman,8.7,4.0,0.0,2.9,21.1,1.9,1.0,1.9
Westside,Seer,7.0,5.1,-1.9,1.2,21.2,1.8,1.1,1.8
Westside,Stag,8.0,5.9,-0.9,2.0,21.2,1.8,1.2,1.9
Westside,Underworld,7.1,6.0,-2.8,1.0,21.3,1.7,1.2,1.9
Westside,Anvil,4.1,2.3,0.0,4.0,21.3,1.8,1.2,1.5
Westside,Bard,5.0,3.9,0.0,2.9,21.7,1.9,1.3,1.5
Westside,Gatekeeper,4.1,5.0,-0.1,2.0,21.7,1.8,1.3,1.4
Westside,Pine,5.0,4.4,-0.1,2.0,21.7,1.9,1.3,1.5
Westside,Sling,4.5,4.9,-0.4,0.8,21.8,1.8,1.2,1.3
Westside,Tursas,5.0,5.1,-2.4,1.0,21.7,1.7,1.3,1.4
Westside,Warship,5.7,5.5,-0.1,1.0,21.7,2.1,1.3,1.4
Westside,Crown,3.0,4.0,0.0,1.0,21.2,2.0,1.4,1.0
Westside,Harp,4.0,3.0,0.0,2.6,21.2,1.6,1.4,1.1
Westside,Maiden,3.0,3.8,-0.2,1.0,21.2,1.8,1.3,1.0
Westside,Shield,3.0,3.0,0.0,1.0,21.1,2.5,1.4,1.0
Westside,Swan,2.9,2.9,-1.1,0.0,21.1,2.0,1.4,1.1
Westside,Swan 1 Reborn,3.0,3.1,-2.2,0.1,21.1,1.9,1.3,1.1
Wild-Discs,Orca,12.0,4.9,-1.6,2.0,21.2,1.4,1.1,2.3
Wild-Discs,Tasmanian Devil,7.0,4.0,-2.0,2.0,21.2,1.8,1.1,2.0
Wild-Discs,Addax,5.0,5.0,-0.1,1.9,21.7,1.7,1.3,1.5
Wild-Discs,Hummingbird,2.0,4.0,0.0,1.0,21.2,2.0,1.5,0.9
XCom,Zion Driver,10.0,4.2,-0.9,1.9,21.4,1.7,1.1,2.1
XCom,Helios,6.0,5.0,-3.0,1.0,21.0,1.6,1.1,1.6
XCom,Eden,5.0,4.0,-0.3,1.8,21.3,2.0,1.3,1.3
XCom,Griffon,5.0,4.1,-2.4,0.0,21.6,1.9,1.4,1.3
XCom,Bennu,3.0,5.0,-1.0,0.0,21.0,2.2,1.5,1.1
Yikun,DA'E,12.9,5.0,-0.1,2.3,21.0,1.7,1.4,2.4
Yikun,Jun,11.0,4.9,-1.1,2.0,21.0,1.7,1.1,2.1
Yikun,Luan,13.9,4.9,-0.9,2.9,21.2,1.4,1.1,2.4
Yikun,QI,13.0,6.0,-2.2,2.0,21.2,1.6,1.1,2.3
Yikun,Twin Swords,11.9,5.0,-0.3,1.9,21.2,1.4,1.1,2.4
Yikun,Wei,10.1,5.0,-2.9,1.9,21.1,1.7,1.1,2.0
Yikun,FU,7.0,5.0,-0.2,2.0,21.3,1.8,1.2,1.9
Yikun,Gou,8.2,5.1,-3.8,1.1,21.3,1.8,1.2,1.9
Yikun,Hu,9.0,4.9,-2.5,1.7,21.2,1.8,1.1,1.9
Yikun,Jiao,6.0,5.0,-2.7,1.3,21.2,1.6,1.1,1.5
Yikun,View,6.8,5.8,-0.6,1.1,21.0,1.5,1.1,1.6
Yikun,Zhu,7.0,5.0,0.0,2.0,21.3,1.8,1.8,1.9
Yikun,Crossbow,4.0,2.0,0.5,4.0,21.3,1.6,1.3,1.6
Yikun,Kui,5.2,4.9,-0.1,2.3,21.1,1.8,1.5,1.0
Yikun,Shu,4.0,5.0,-2.3,1.0,21.8,1.8,1.1,1.3
Yikun,Tomahawk,4.9,6.0,-0.9,0.0,21.6,1.9,1.3,1.3
Yikun,Wings,3.0,2.9,-0.1,1.9,21.0,1.5,1.0,1.2
Yikun,Yan,3.0,6.1,-0.1,0.0,21.9,2.2,1.4,1.1
Yikun,Yao,4.1,4.0,-0.1,2.1,21.6,1.9,1.4,1.4
Yikun,Claws,1.0,2.0,0.0,0.0,21.1,2.3,1.9,0.7
Yikun,Gui,2.1,3.0,0.0,2.0,21.1,1.8,1.5,0.9
Yikun,Hammer (Chui),2.0,2.9,0.0,2.9,21.1,1.7,1.4,1.3
Yikun,Meteor Hammer,2.1,3.1,-0.1,0.0,21.2,2.0,1.5,1.0
Yikun,Xing,2.0,3.9,0.0,1.0,21.3,2.1,1.7,1.0